timestamp,RUs_id,question_id,response
2025-11-11T17:03:36.175284+00:00,RU_001,1,Wrong direction
2025-11-11T17:03:37.241559+00:00,RU_001,2,Good
2025-11-11T17:03:39.648168+00:00,RU_001,3,Fair/Poor
2025-11-11T17:03:41.278757+00:00,RU_001,4,Fair/Poor
2025-11-11T17:03:43.016619+00:00,RU_001,5,Fair/Poor
2025-11-11T17:03:44.043685+00:00,RU_002,1,Wrong direction
2025-11-11T17:03:44.976416+00:00,RU_002,2,Fair/Poor
2025-11-11T17:03:47.118252+00:00,RU_002,3,Fair/Poor
2025-11-11T17:03:48.138823+00:00,RU_002,4,Fair/Poor
2025-11-11T17:03:50.289100+00:00,RU_002,5,Fair/Poor
2025-11-11T17:03:51.398746+00:00,RU_003,1,Wrong direction
2025-11-11T17:03:52.235027+00:00,RU_003,2,Fair/Poor
2025-11-11T17:03:53.259741+00:00,RU_003,3,Fair/Poor
2025-11-11T17:03:54.180447+00:00,RU_003,4,Fair/Poor
2025-11-11T17:03:55.102545+00:00,RU_003,5,Fair/Poor
2025-11-11T17:03:56.180917+00:00,RU_004,1,Wrong direction
2025-11-11T17:03:57.047315+00:00,RU_004,2,Fair/Poor
2025-11-11T17:03:57.970593+00:00,RU_004,3,Fair/Poor
2025-11-11T17:03:59.095816+00:00,RU_004,4,Fair/Poor
2025-11-11T17:04:00.221378+00:00,RU_004,5,Fair/Poor
2025-11-11T17:04:01.038466+00:00,RU_005,1,Wrong direction
2025-11-11T17:04:01.758671+00:00,RU_005,2,Fair/Poor
2025-11-11T17:04:02.779175+00:00,RU_005,3,Fair/Poor
2025-11-11T17:04:03.497213+00:00,RU_005,4,Fair/Poor
2025-11-11T17:04:05.237575+00:00,RU_005,5,Fair/Poor
2025-11-11T17:04:05.953757+00:00,RU_006,1,Wrong direction
2025-11-11T17:04:06.979968+00:00,RU_006,2,Fair/Poor
2025-11-11T17:04:07.909870+00:00,RU_006,3,Fair/Poor
2025-11-11T17:04:08.826815+00:00,RU_006,4,Fair/Poor
2025-11-11T17:04:09.540965+00:00,RU_006,5,Fair/Poor
2025-11-11T17:04:10.301847+00:00,RU_007,1,Wrong direction
2025-11-11T17:04:11.288307+00:00,RU_007,2,Fair/Poor
2025-11-11T17:04:12.303712+00:00,RU_007,3,Fair/Poor
2025-11-11T17:04:13.228325+00:00,RU_007,4,Fair/Poor
2025-11-11T17:04:14.045473+00:00,RU_007,5,Fair/Poor
2025-11-11T17:04:14.865371+00:00,RU_008,1,Wrong direction
2025-11-11T17:04:15.684725+00:00,RU_008,2,Fair/Poor
2025-11-11T17:04:16.405341+00:00,RU_008,3,Good
2025-11-11T17:04:17.628209+00:00,RU_008,4,Fair/Poor
2025-11-11T17:04:18.665287+00:00,RU_008,5,Fair/Poor
2025-11-11T17:04:19.487135+00:00,RU_009,1,Wrong direction
2025-11-11T17:04:20.087892+00:00,RU_009,2,Fair/Poor
2025-11-11T17:04:21.049527+00:00,RU_009,3,Fair/Poor
2025-11-11T17:04:21.726245+00:00,RU_009,4,Fair/Poor
2025-11-11T17:04:22.751455+00:00,RU_009,5,Fair/Poor
2025-11-11T17:04:23.672009+00:00,RU_010,1,Wrong direction
2025-11-11T17:04:24.695511+00:00,RU_010,2,Good
2025-11-11T17:04:25.785348+00:00,RU_010,3,Fair/Poor
2025-11-11T17:04:26.540342+00:00,RU_010,4,Fair/Poor
2025-11-11T17:04:29.058777+00:00,RU_010,5,Fair/Poor
2025-11-11T17:04:30.123469+00:00,RU_011,1,Wrong direction
2025-11-11T17:04:31.058821+00:00,RU_011,2,Fair/Poor
2025-11-11T17:04:31.966034+00:00,RU_011,3,Good
2025-11-11T17:04:32.787037+00:00,RU_011,4,Fair/Poor
2025-11-11T17:04:33.932888+00:00,RU_011,5,Fair/Poor
2025-11-11T17:04:34.822887+00:00,RU_012,1,Wrong direction
2025-11-11T17:04:37.194025+00:00,RU_012,2,Fair/Poor
2025-11-11T17:04:38.110650+00:00,RU_012,3,Fair/Poor
2025-11-11T17:04:39.139411+00:00,RU_012,4,Fair/Poor
2025-11-11T17:04:40.444757+00:00,RU_012,5,Fair/Poor
2025-11-11T17:04:41.621127+00:00,RU_013,1,Wrong direction
2025-11-11T17:04:42.001768+00:00,RU_013,2,Fair/Poor
2025-11-11T17:04:43.447130+00:00,RU_013,3,Fair/Poor
2025-11-11T17:04:44.597657+00:00,RU_013,4,Fair/Poor
2025-11-11T17:04:46.098110+00:00,RU_013,5,Fair/Poor
2025-11-11T17:04:46.815038+00:00,RU_014,1,Wrong direction
2025-11-11T17:04:47.840039+00:00,RU_014,2,Fair/Poor
2025-11-11T17:04:49.271102+00:00,RU_014,3,Fair/Poor
2025-11-11T17:04:50.168103+00:00,RU_014,4,Good
2025-11-11T17:04:51.049411+00:00,RU_014,5,Fair/Poor
2025-11-11T17:04:51.790278+00:00,RU_015,1,Wrong direction
2025-11-11T17:04:52.569138+00:00,RU_015,2,Fair/Poor
2025-11-11T17:04:53.548001+00:00,RU_015,3,Fair/Poor
2025-11-11T17:04:54.597282+00:00,RU_015,4,Fair/Poor
2025-11-11T17:04:55.518825+00:00,RU_015,5,Good
2025-11-11T17:04:56.369417+00:00,RU_016,1,Wrong direction
2025-11-11T17:04:57.009647+00:00,RU_016,2,Good
2025-11-11T17:04:58.427348+00:00,RU_016,3,Fair/Poor
2025-11-11T17:05:01.152441+00:00,RU_016,4,Fair/Poor
2025-11-11T17:05:01.906363+00:00,RU_016,5,Fair/Poor
2025-11-11T17:05:02.891462+00:00,RU_017,1,Wrong direction
2025-11-11T17:05:03.609414+00:00,RU_017,2,Good
2025-11-11T17:05:04.534163+00:00,RU_017,3,Fair/Poor
2025-11-11T17:05:06.373410+00:00,RU_017,4,Good
2025-11-11T17:05:07.294541+00:00,RU_017,5,Fair/Poor
2025-11-11T17:05:08.113869+00:00,RU_018,1,Wrong direction
2025-11-11T17:05:09.138988+00:00,RU_018,2,Fair/Poor
2025-11-11T17:05:09.854576+00:00,RU_018,3,Fair/Poor
2025-11-11T17:05:10.893644+00:00,RU_018,4,Fair/Poor
2025-11-11T17:05:11.800467+00:00,RU_018,5,Fair/Poor
2025-11-11T17:05:12.502151+00:00,RU_019,1,Wrong direction
2025-11-11T17:05:13.455927+00:00,RU_019,2,Fair/Poor
2025-11-11T17:05:14.275886+00:00,RU_019,3,Fair/Poor
2025-11-11T17:05:15.179996+00:00,RU_019,4,Fair/Poor
2025-11-11T17:05:16.101821+00:00,RU_019,5,Fair/Poor
2025-11-11T17:05:16.929534+00:00,RU_020,1,Wrong direction
2025-11-11T17:05:17.638174+00:00,RU_020,2,Fair/Poor
2025-11-11T17:05:18.488863+00:00,RU_020,3,Fair/Poor
2025-11-11T17:05:19.458824+00:00,RU_020,4,Fair/Poor
2025-11-11T17:05:20.367869+00:00,RU_020,5,Fair/Poor
2025-11-11T17:05:21.323795+00:00,RU_021,1,Wrong direction
2025-11-11T17:05:22.143210+00:00,RU_021,2,Good
2025-11-11T17:05:23.168543+00:00,RU_021,3,Fair/Poor
2025-11-11T17:05:23.936736+00:00,RU_021,4,Fair/Poor
2025-11-11T17:05:24.703713+00:00,RU_021,5,Fair/Poor
2025-11-11T17:05:25.441906+00:00,RU_022,1,Wrong direction
2025-11-11T17:05:26.340559+00:00,RU_022,2,Good
2025-11-11T17:05:27.161117+00:00,RU_022,3,Fair/Poor
2025-11-11T17:05:28.079399+00:00,RU_022,4,Fair/Poor
2025-11-11T17:05:29.003071+00:00,RU_022,5,Fair/Poor
2025-11-11T17:05:29.823054+00:00,RU_023,1,Wrong direction
2025-11-11T17:05:30.540812+00:00,RU_023,2,Fair/Poor
2025-11-11T17:05:31.870559+00:00,RU_023,3,Fair/Poor
2025-11-11T17:05:32.690136+00:00,RU_023,4,Fair/Poor
2025-11-11T17:05:33.509064+00:00,RU_023,5,Fair/Poor
2025-11-11T17:05:34.473922+00:00,RU_024,1,Wrong direction
2025-11-11T17:05:35.353046+00:00,RU_024,2,Fair/Poor
2025-11-11T17:05:36.189850+00:00,RU_024,3,Fair/Poor
2025-11-11T17:05:36.991121+00:00,RU_024,4,Fair/Poor
2025-11-11T17:05:37.811812+00:00,RU_024,5,Fair/Poor
2025-11-11T17:05:39.269522+00:00,RU_025,1,Wrong direction
2025-11-11T17:05:40.069265+00:00,RU_025,2,Good
2025-11-11T17:05:40.800700+00:00,RU_025,3,Fair/Poor
2025-11-11T17:05:41.906465+00:00,RU_025,4,Fair/Poor
2025-11-11T17:05:42.931533+00:00,RU_025,5,Fair/Poor
2025-11-11T17:05:43.549353+00:00,RU_026,1,Wrong direction
2025-11-11T17:05:44.365400+00:00,RU_026,2,Fair/Poor
2025-11-11T17:05:45.175003+00:00,RU_026,3,Fair/Poor
2025-11-11T17:05:46.103621+00:00,RU_026,4,Fair/Poor
2025-11-11T17:05:46.821907+00:00,RU_026,5,Fair/Poor
2025-11-11T17:05:47.379602+00:00,RU_027,1,Wrong direction
2025-11-11T17:05:48.420250+00:00,RU_027,2,Fair/Poor
2025-11-11T17:05:49.187593+00:00,RU_027,3,Fair/Poor
2025-11-11T17:05:50.206893+00:00,RU_027,4,Fair/Poor
2025-11-11T17:05:51.840206+00:00,RU_027,5,Fair/Poor
2025-11-11T17:05:52.726884+00:00,RU_028,1,Wrong direction
2025-11-11T17:05:53.474438+00:00,RU_028,2,Fair/Poor
2025-11-11T17:05:54.528762+00:00,RU_028,3,Fair/Poor
2025-11-11T17:05:55.731818+00:00,RU_028,4,Fair/Poor
2025-11-11T17:05:56.626855+00:00,RU_028,5,Fair/Poor
2025-11-11T17:05:57.305964+00:00,RU_029,1,Wrong direction
2025-11-11T17:05:58.185199+00:00,RU_029,2,Fair/Poor
2025-11-11T17:05:59.141397+00:00,RU_029,3,Fair/Poor
2025-11-11T17:06:00.034812+00:00,RU_029,4,Fair/Poor
2025-11-11T17:06:01.876074+00:00,RU_029,5,Fair/Poor
2025-11-11T17:06:02.461222+00:00,RU_030,1,Wrong direction
2025-11-11T17:06:03.307269+00:00,RU_030,2,Fair/Poor
2025-11-11T17:06:04.127413+00:00,RU_030,3,Fair/Poor
2025-11-11T17:06:04.845225+00:00,RU_030,4,Fair/Poor
2025-11-11T17:06:06.609755+00:00,RU_030,5,Fair/Poor
2025-11-11T17:06:07.454860+00:00,RU_031,1,Wrong direction
2025-11-11T17:06:08.324647+00:00,RU_031,2,Fair/Poor
2025-11-11T17:06:09.251463+00:00,RU_031,3,Fair/Poor
2025-11-11T17:06:10.170119+00:00,RU_031,4,Fair/Poor
2025-11-11T17:06:11.295578+00:00,RU_031,5,Fair/Poor
2025-11-11T17:06:11.909259+00:00,RU_032,1,Wrong direction
2025-11-11T17:06:12.633757+00:00,RU_032,2,Good
2025-11-11T17:06:14.353763+00:00,RU_032,3,Fair/Poor
2025-11-11T17:06:15.189655+00:00,RU_032,4,Fair/Poor
2025-11-11T17:06:16.005587+00:00,RU_032,5,Fair/Poor
2025-11-11T17:06:16.827770+00:00,RU_033,1,Wrong direction
2025-11-11T17:06:17.440419+00:00,RU_033,2,Fair/Poor
2025-11-11T17:06:18.309775+00:00,RU_033,3,Fair/Poor
2025-11-11T17:06:19.284752+00:00,RU_033,4,Fair/Poor
2025-11-11T17:06:20.223607+00:00,RU_033,5,Fair/Poor
2025-11-11T17:06:21.331092+00:00,RU_034,1,Wrong direction
2025-11-11T17:06:21.730163+00:00,RU_034,2,Fair/Poor
2025-11-11T17:06:22.693887+00:00,RU_034,3,Fair/Poor
2025-11-11T17:06:23.481129+00:00,RU_034,4,Fair/Poor
2025-11-11T17:06:25.467741+00:00,RU_034,5,Fair/Poor
2025-11-11T17:06:26.349962+00:00,RU_035,1,Wrong direction
2025-11-11T17:06:27.307650+00:00,RU_035,2,Fair/Poor
2025-11-11T17:06:28.196994+00:00,RU_035,3,Fair/Poor
2025-11-11T17:06:29.483717+00:00,RU_035,4,Fair/Poor
2025-11-11T17:06:30.241134+00:00,RU_035,5,Fair/Poor
2025-11-11T17:06:31.161743+00:00,RU_036,1,Wrong direction
2025-11-11T17:06:32.083335+00:00,RU_036,2,Fair/Poor
2025-11-11T17:06:33.004793+00:00,RU_036,3,Fair/Poor
2025-11-11T17:06:34.143347+00:00,RU_036,4,Good
2025-11-11T17:06:34.924254+00:00,RU_036,5,Fair/Poor
2025-11-11T17:06:35.769499+00:00,RU_037,1,Wrong direction
2025-11-11T17:06:36.793720+00:00,RU_037,2,Fair/Poor
2025-11-11T17:06:37.614185+00:00,RU_037,3,Fair/Poor
2025-11-11T17:06:39.157835+00:00,RU_037,4,Fair/Poor
2025-11-11T17:06:40.070710+00:00,RU_037,5,Fair/Poor
2025-11-11T17:06:40.971581+00:00,RU_038,1,Wrong direction
2025-11-11T17:06:41.853231+00:00,RU_038,2,Good
2025-11-11T17:06:42.624723+00:00,RU_038,3,Fair/Poor
2025-11-11T17:06:43.343861+00:00,RU_038,4,Fair/Poor
2025-11-11T17:06:44.064142+00:00,RU_038,5,Fair/Poor
2025-11-11T17:06:45.089442+00:00,RU_039,1,Wrong direction
2025-11-11T17:06:45.908754+00:00,RU_039,2,Fair/Poor
2025-11-11T17:06:46.832106+00:00,RU_039,3,Fair/Poor
2025-11-11T17:06:47.852110+00:00,RU_039,4,Fair/Poor
2025-11-11T17:06:48.775367+00:00,RU_039,5,Fair/Poor
2025-11-11T17:06:49.593382+00:00,RU_040,1,Wrong direction
2025-11-11T17:06:57.069211+00:00,RU_040,2,Good
2025-11-11T17:06:58.934597+00:00,RU_040,3,Fair/Poor
2025-11-11T17:06:59.835266+00:00,RU_040,4,Fair/Poor
2025-11-11T17:07:00.756930+00:00,RU_040,5,Fair/Poor
2025-11-11T17:07:02.719344+00:00,RU_041,1,Wrong direction
2025-11-11T17:07:03.725132+00:00,RU_041,2,Fair/Poor
2025-11-11T17:07:04.647983+00:00,RU_041,3,Fair/Poor
2025-11-11T17:07:05.568217+00:00,RU_041,4,Fair/Poor
2025-11-11T17:07:06.489714+00:00,RU_041,5,Fair/Poor
2025-11-11T17:07:07.537244+00:00,RU_042,1,Wrong direction
2025-11-11T17:07:09.154142+00:00,RU_042,2,Good
2025-11-11T17:07:09.868801+00:00,RU_042,3,Fair/Poor
2025-11-11T17:07:11.200688+00:00,RU_042,4,Fair/Poor
2025-11-11T17:07:12.121717+00:00,RU_042,5,Fair/Poor
2025-11-11T17:07:12.941242+00:00,RU_043,1,Wrong direction
2025-11-11T17:07:13.759742+00:00,RU_043,2,Fair/Poor
2025-11-11T17:07:14.986670+00:00,RU_043,3,Fair/Poor
2025-11-11T17:07:16.260760+00:00,RU_043,4,Fair/Poor
2025-11-11T17:07:17.799679+00:00,RU_043,5,Fair/Poor
2025-11-11T17:07:18.673129+00:00,RU_044,1,Wrong direction
2025-11-11T17:07:19.689550+00:00,RU_044,2,Fair/Poor
2025-11-11T17:07:21.315028+00:00,RU_044,3,Fair/Poor
2025-11-11T17:07:22.363069+00:00,RU_044,4,Fair/Poor
2025-11-11T17:07:23.331209+00:00,RU_044,5,Fair/Poor
2025-11-11T17:07:24.203963+00:00,RU_045,1,Wrong direction
2025-11-11T17:07:25.035891+00:00,RU_045,2,Fair/Poor
2025-11-11T17:07:26.253518+00:00,RU_045,3,Fair/Poor
2025-11-11T17:07:27.132110+00:00,RU_045,4,Fair/Poor
2025-11-11T17:07:27.791703+00:00,RU_045,5,Fair/Poor
2025-11-11T17:07:28.607257+00:00,RU_046,1,Wrong direction
2025-11-11T17:07:29.775052+00:00,RU_046,2,Good
2025-11-11T17:07:30.764036+00:00,RU_046,3,Fair/Poor
2025-11-11T17:07:31.747916+00:00,RU_046,4,Fair/Poor
2025-11-11T17:07:33.007793+00:00,RU_046,5,Fair/Poor
2025-11-11T17:07:34.715533+00:00,RU_047,1,Wrong direction
2025-11-11T17:07:35.568012+00:00,RU_047,2,Good
2025-11-11T17:07:36.698189+00:00,RU_047,3,Fair/Poor
2025-11-11T17:07:37.629329+00:00,RU_047,4,Fair/Poor
2025-11-11T17:07:39.240209+00:00,RU_047,5,Fair/Poor
2025-11-11T17:07:40.274440+00:00,RU_048,1,Wrong direction
2025-11-11T17:07:40.925435+00:00,RU_048,2,Fair/Poor
2025-11-11T17:07:41.771700+00:00,RU_048,3,Fair/Poor
2025-11-11T17:07:43.484797+00:00,RU_048,4,Fair/Poor
2025-11-11T17:07:44.585597+00:00,RU_048,5,Fair/Poor
2025-11-11T17:07:45.508085+00:00,RU_049,1,Wrong direction
2025-11-11T17:07:46.427852+00:00,RU_049,2,Fair/Poor
2025-11-11T17:07:59.736551+00:00,RU_049,3,Fair/Poor
2025-11-11T17:08:00.663431+00:00,RU_049,4,Fair/Poor
2025-11-11T17:08:02.146718+00:00,RU_049,5,Fair/Poor
2025-11-11T17:08:02.912982+00:00,RU_050,1,Wrong direction
2025-11-11T17:08:04.829148+00:00,RU_050,2,Fair/Poor
2025-11-11T17:08:05.677624+00:00,RU_050,3,Fair/Poor
2025-11-11T17:08:06.394245+00:00,RU_050,4,Fair/Poor
2025-11-11T17:08:07.418586+00:00,RU_050,5,Fair/Poor
2025-11-11T17:08:09.159386+00:00,RU_051,1,Wrong direction
2025-11-11T17:08:09.877373+00:00,RU_051,2,Good
2025-11-11T17:08:10.593225+00:00,RU_051,3,Fair/Poor
2025-11-11T17:08:11.719543+00:00,RU_051,4,Fair/Poor
2025-11-11T17:08:12.903737+00:00,RU_051,5,Fair/Poor
2025-11-11T17:08:17.055890+00:00,RU_052,1,Wrong direction
2025-11-11T17:08:17.860976+00:00,RU_052,2,Good
2025-11-11T17:08:18.684054+00:00,RU_052,3,Fair/Poor
2025-11-11T17:08:19.460493+00:00,RU_052,4,Fair/Poor
2025-11-11T17:08:20.423727+00:00,RU_052,5,Fair/Poor
2025-11-11T17:08:21.237138+00:00,RU_053,1,Wrong direction
2025-11-11T17:08:22.990560+00:00,RU_053,2,Good
2025-11-11T17:08:23.739955+00:00,RU_053,3,Good
2025-11-11T17:08:24.711248+00:00,RU_053,4,Fair/Poor
2025-11-11T17:08:25.953695+00:00,RU_053,5,Fair/Poor
2025-11-11T17:08:26.874542+00:00,RU_054,1,Wrong direction
2025-11-11T17:08:27.899173+00:00,RU_054,2,Fair/Poor
2025-11-11T17:08:30.024740+00:00,RU_054,3,Fair/Poor
2025-11-11T17:08:31.173437+00:00,RU_054,4,Good
2025-11-11T17:08:31.891439+00:00,RU_054,5,Fair/Poor
2025-11-11T17:08:32.876554+00:00,RU_055,1,Wrong direction
2025-11-11T17:08:33.634239+00:00,RU_055,2,Good
2025-11-11T17:08:34.513318+00:00,RU_055,3,Good
2025-11-11T17:08:36.603106+00:00,RU_055,4,Fair/Poor
2025-11-11T17:08:37.526653+00:00,RU_055,5,Fair/Poor
2025-11-11T17:08:38.261793+00:00,RU_056,1,Wrong direction
2025-11-11T17:08:39.227914+00:00,RU_056,2,Good
2025-11-11T17:08:39.983278+00:00,RU_056,3,Fair/Poor
2025-11-11T17:08:41.114724+00:00,RU_056,4,Fair/Poor
2025-11-11T17:08:41.827180+00:00,RU_056,5,Fair/Poor
2025-11-11T17:08:42.541568+00:00,RU_057,1,Wrong direction
2025-11-11T17:08:43.379122+00:00,RU_057,2,Fair/Poor
2025-11-11T17:08:44.178905+00:00,RU_057,3,Fair/Poor
2025-11-11T17:08:44.942353+00:00,RU_057,4,Good
2025-11-11T17:08:45.923039+00:00,RU_057,5,Fair/Poor
2025-11-11T17:08:46.752759+00:00,RU_058,1,Wrong direction
2025-11-11T17:08:48.008771+00:00,RU_058,2,Fair/Poor
2025-11-11T17:08:48.993611+00:00,RU_058,3,Fair/Poor
2025-11-11T17:08:49.814504+00:00,RU_058,4,Fair/Poor
2025-11-11T17:08:50.631598+00:00,RU_058,5,Fair/Poor
2025-11-11T17:08:51.552846+00:00,RU_059,1,Wrong direction
2025-11-11T17:08:52.481137+00:00,RU_059,2,Fair/Poor
2025-11-11T17:08:53.294611+00:00,RU_059,3,Fair/Poor
2025-11-11T17:08:54.112875+00:00,RU_059,4,Fair/Poor
2025-11-11T17:08:54.727329+00:00,RU_059,5,Fair/Poor
2025-11-11T17:08:55.520859+00:00,RU_060,1,Wrong direction
2025-11-11T17:08:56.674383+00:00,RU_060,2,Fair/Poor
2025-11-11T17:09:02.444930+00:00,RU_060,3,Fair/Poor
2025-11-11T17:09:03.329462+00:00,RU_060,4,Good
2025-11-11T17:09:04.251153+00:00,RU_060,5,Fair/Poor
2025-11-11T17:09:04.968586+00:00,RU_061,1,Wrong direction
2025-11-11T17:09:05.990035+00:00,RU_061,2,Fair/Poor
2025-11-11T17:09:07.016439+00:00,RU_061,3,Fair/Poor
2025-11-11T17:09:07.936624+00:00,RU_061,4,Fair/Poor
2025-11-11T17:09:09.063869+00:00,RU_061,5,Fair/Poor
2025-11-11T17:09:09.781260+00:00,RU_062,1,Wrong direction
2025-11-11T17:09:14.182824+00:00,RU_062,2,Fair/Poor
2025-11-11T17:09:15.105531+00:00,RU_062,3,Good
2025-11-11T17:09:16.026526+00:00,RU_062,4,Fair/Poor
2025-11-11T17:09:16.742789+00:00,RU_062,5,Fair/Poor
2025-11-11T17:09:17.563962+00:00,RU_063,1,Wrong direction
2025-11-11T17:09:18.382313+00:00,RU_063,2,Good
2025-11-11T17:09:19.100717+00:00,RU_063,3,Fair/Poor
2025-11-11T17:09:20.123062+00:00,RU_063,4,Fair/Poor
2025-11-11T17:09:21.045831+00:00,RU_063,5,Fair/Poor
2025-11-11T17:09:22.068903+00:00,RU_064,1,Wrong direction
2025-11-11T17:09:23.136356+00:00,RU_064,2,Good
2025-11-11T17:09:24.527175+00:00,RU_064,3,Fair/Poor
2025-11-11T17:09:25.406394+00:00,RU_064,4,Good
2025-11-11T17:09:26.691519+00:00,RU_064,5,Fair/Poor
2025-11-11T17:09:27.596201+00:00,RU_065,1,Wrong direction
2025-11-11T17:09:28.521141+00:00,RU_065,2,Fair/Poor
2025-11-11T17:09:30.093167+00:00,RU_065,3,Fair/Poor
2025-11-11T17:09:30.790729+00:00,RU_065,4,Fair/Poor
2025-11-11T17:09:32.003087+00:00,RU_065,5,Fair/Poor
2025-11-11T17:09:33.540350+00:00,RU_066,1,Wrong direction
2025-11-11T17:09:34.870989+00:00,RU_066,2,Fair/Poor
2025-11-11T17:09:35.688586+00:00,RU_066,3,Good
2025-11-11T17:09:36.609864+00:00,RU_066,4,Fair/Poor
2025-11-11T17:09:37.840155+00:00,RU_066,5,Fair/Poor
2025-11-11T17:09:38.556758+00:00,RU_067,1,Wrong direction
2025-11-11T17:09:39.368227+00:00,RU_067,2,Good
2025-11-11T17:09:40.178798+00:00,RU_067,3,Good
2025-11-11T17:09:41.042332+00:00,RU_067,4,Fair/Poor
2025-11-11T17:09:41.984303+00:00,RU_067,5,Fair/Poor
2025-11-11T17:09:42.857679+00:00,RU_068,1,Wrong direction
2025-11-11T17:09:44.626350+00:00,RU_068,2,Good
2025-11-11T17:09:45.521877+00:00,RU_068,3,Fair/Poor
2025-11-11T17:09:46.591236+00:00,RU_068,4,Fair/Poor
2025-11-11T17:09:47.567297+00:00,RU_068,5,Fair/Poor
2025-11-11T17:09:49.040043+00:00,RU_069,1,Wrong direction
2025-11-11T17:09:50.465772+00:00,RU_069,2,Fair/Poor
2025-11-11T17:09:51.387615+00:00,RU_069,3,Fair/Poor
2025-11-11T17:09:52.491656+00:00,RU_069,4,Fair/Poor
2025-11-11T17:09:53.207752+00:00,RU_069,5,Fair/Poor
2025-11-11T17:09:54.325110+00:00,RU_070,1,Wrong direction
2025-11-11T17:09:54.939747+00:00,RU_070,2,Fair/Poor
2025-11-11T17:09:56.578272+00:00,RU_070,3,Fair/Poor
2025-11-11T17:09:57.497099+00:00,RU_070,4,Good
2025-11-11T17:09:58.424270+00:00,RU_070,5,Fair/Poor
2025-11-11T17:09:59.548338+00:00,RU_071,1,Wrong direction
2025-11-11T17:10:00.570202+00:00,RU_071,2,Fair/Poor
2025-11-11T17:10:01.346055+00:00,RU_071,3,Fair/Poor
2025-11-11T17:10:02.354828+00:00,RU_071,4,Fair/Poor
2025-11-11T17:10:03.131706+00:00,RU_071,5,Fair/Poor
2025-11-11T17:10:04.258096+00:00,RU_072,1,Wrong direction
2025-11-11T17:10:05.689576+00:00,RU_072,2,Fair/Poor
2025-11-11T17:10:06.714177+00:00,RU_072,3,Fair/Poor
2025-11-11T17:10:07.841380+00:00,RU_072,4,Fair/Poor
2025-11-11T17:10:10.096368+00:00,RU_072,5,Fair/Poor
2025-11-11T17:10:11.965035+00:00,RU_073,1,Wrong direction
2025-11-11T17:10:13.083138+00:00,RU_073,2,Fair/Poor
2025-11-11T17:10:13.987732+00:00,RU_073,3,Fair/Poor
2025-11-11T17:10:14.976845+00:00,RU_073,4,Fair/Poor
2025-11-11T17:10:16.196933+00:00,RU_073,5,Fair/Poor
2025-11-11T17:10:16.953090+00:00,RU_074,1,Wrong direction
2025-11-11T17:10:17.773393+00:00,RU_074,2,Good
2025-11-11T17:10:18.784203+00:00,RU_074,3,Fair/Poor
2025-11-11T17:10:19.623271+00:00,RU_074,4,Fair/Poor
2025-11-11T17:10:20.538858+00:00,RU_074,5,Fair/Poor
2025-11-11T17:10:21.359506+00:00,RU_075,1,Wrong direction
2025-11-11T17:10:22.588097+00:00,RU_075,2,Fair/Poor
2025-11-11T17:10:23.549560+00:00,RU_075,3,Fair/Poor
2025-11-11T17:10:24.425403+00:00,RU_075,4,Good
2025-11-11T17:10:25.496742+00:00,RU_075,5,Fair/Poor
2025-11-11T17:10:26.787699+00:00,RU_076,1,Wrong direction
2025-11-11T17:10:27.709323+00:00,RU_076,2,Fair/Poor
2025-11-11T17:10:28.498857+00:00,RU_076,3,Fair/Poor
2025-11-11T17:10:29.938346+00:00,RU_076,4,Fair/Poor
2025-11-11T17:10:31.389797+00:00,RU_076,5,Fair/Poor
2025-11-11T17:10:32.518619+00:00,RU_077,1,Wrong direction
2025-11-11T17:10:33.239379+00:00,RU_077,2,Fair/Poor
2025-11-11T17:10:34.268049+00:00,RU_077,3,Fair/Poor
2025-11-11T17:10:35.284315+00:00,RU_077,4,Fair/Poor
2025-11-11T17:10:35.898917+00:00,RU_077,5,Fair/Poor
2025-11-11T17:10:36.921374+00:00,RU_078,1,Wrong direction
2025-11-11T17:10:38.150518+00:00,RU_078,2,Fair/Poor
2025-11-11T17:10:39.357140+00:00,RU_078,3,Fair/Poor
2025-11-11T17:10:40.273767+00:00,RU_078,4,Fair/Poor
2025-11-11T17:10:41.122254+00:00,RU_078,5,Fair/Poor
2025-11-11T17:10:47.313634+00:00,RU_079,1,Wrong direction
2025-11-11T17:10:48.731017+00:00,RU_079,2,Good
2025-11-11T17:10:49.417353+00:00,RU_079,3,Fair/Poor
2025-11-11T17:10:50.133802+00:00,RU_079,4,Fair/Poor
2025-11-11T17:10:51.198372+00:00,RU_079,5,Fair/Poor
2025-11-11T17:10:52.078235+00:00,RU_080,1,Wrong direction
2025-11-11T17:10:53.409683+00:00,RU_080,2,Fair/Poor
2025-11-11T17:10:54.236699+00:00,RU_080,3,Fair/Poor
2025-11-11T17:10:54.839484+00:00,RU_080,4,Fair/Poor
2025-11-11T17:10:56.491535+00:00,RU_080,5,Fair/Poor
2025-11-11T17:10:58.018239+00:00,RU_081,1,Wrong direction
2025-11-11T17:10:58.735968+00:00,RU_081,2,Good
2025-11-11T17:10:59.554955+00:00,RU_081,3,Fair/Poor
2025-11-11T17:11:00.589944+00:00,RU_081,4,Fair/Poor
2025-11-11T17:11:01.705498+00:00,RU_081,5,Fair/Poor
2025-11-11T17:11:02.732454+00:00,RU_082,1,Wrong direction
2025-11-11T17:11:03.959190+00:00,RU_082,2,Fair/Poor
2025-11-11T17:11:05.085822+00:00,RU_082,3,Fair/Poor
2025-11-11T17:11:05.911481+00:00,RU_082,4,Fair/Poor
2025-11-11T17:11:06.826405+00:00,RU_082,5,Fair/Poor
2025-11-11T17:11:07.644348+00:00,RU_083,1,Wrong direction
2025-11-11T17:11:08.462350+00:00,RU_083,2,Fair/Poor
2025-11-11T17:11:09.487260+00:00,RU_083,3,Fair/Poor
2025-11-11T17:11:10.389466+00:00,RU_083,4,Good
2025-11-11T17:11:11.152883+00:00,RU_083,5,Fair/Poor
2025-11-11T17:11:11.945682+00:00,RU_084,1,Wrong direction
2025-11-11T17:11:12.764924+00:00,RU_084,2,Good
2025-11-11T17:11:13.499234+00:00,RU_084,3,Fair/Poor
2025-11-11T17:11:14.524594+00:00,RU_084,4,Fair/Poor
2025-11-11T17:11:15.082548+00:00,RU_084,5,Fair/Poor
2025-11-11T17:11:16.212364+00:00,RU_085,1,Wrong direction
2025-11-11T17:11:17.142303+00:00,RU_085,2,Fair/Poor
2025-11-11T17:11:18.061284+00:00,RU_085,3,Fair/Poor
2025-11-11T17:11:23.107157+00:00,RU_085,4,Fair/Poor
2025-11-11T17:11:24.190370+00:00,RU_085,5,Fair/Poor
2025-11-11T17:11:25.261270+00:00,RU_086,1,Wrong direction
2025-11-11T17:11:25.869831+00:00,RU_086,2,Fair/Poor
2025-11-11T17:11:26.691409+00:00,RU_086,3,Fair/Poor
2025-11-11T17:11:27.614134+00:00,RU_086,4,Fair/Poor
2025-11-11T17:11:28.434225+00:00,RU_086,5,Fair/Poor
2025-11-11T17:11:29.316573+00:00,RU_087,1,Wrong direction
2025-11-11T17:11:30.285150+00:00,RU_087,2,Fair/Poor
2025-11-11T17:11:31.095565+00:00,RU_087,3,Fair/Poor
2025-11-11T17:11:31.913988+00:00,RU_087,4,Fair/Poor
2025-11-11T17:11:32.964729+00:00,RU_087,5,Fair/Poor
2025-11-11T17:11:33.758933+00:00,RU_088,1,Wrong direction
2025-11-11T17:11:34.985952+00:00,RU_088,2,Fair/Poor
2025-11-11T17:11:36.112685+00:00,RU_088,3,Fair/Poor
2025-11-11T17:11:37.033611+00:00,RU_088,4,Fair/Poor
2025-11-11T17:11:37.989328+00:00,RU_088,5,Fair/Poor
2025-11-11T17:11:38.782399+00:00,RU_089,1,Wrong direction
2025-11-11T17:11:39.592404+00:00,RU_089,2,Good
2025-11-11T17:11:40.367366+00:00,RU_089,3,Fair/Poor
2025-11-11T17:11:41.063617+00:00,RU_089,4,Fair/Poor
2025-11-11T17:11:41.948964+00:00,RU_089,5,Fair/Poor
2025-11-11T17:11:42.665697+00:00,RU_090,1,Wrong direction
2025-11-11T17:11:43.991282+00:00,RU_090,2,Fair/Poor
2025-11-11T17:11:44.952320+00:00,RU_090,3,Fair/Poor
2025-11-11T17:11:45.944555+00:00,RU_090,4,Fair/Poor
2025-11-11T17:11:46.558304+00:00,RU_090,5,Fair/Poor
2025-11-11T17:11:47.376253+00:00,RU_091,1,Wrong direction
2025-11-11T17:11:48.295316+00:00,RU_091,2,Fair/Poor
2025-11-11T17:11:49.116995+00:00,RU_091,3,Fair/Poor
2025-11-11T17:11:49.835486+00:00,RU_091,4,Fair/Poor
2025-11-11T17:11:50.652523+00:00,RU_091,5,Fair/Poor
2025-11-11T17:11:51.412834+00:00,RU_092,1,Wrong direction
2025-11-11T17:11:52.194920+00:00,RU_092,2,Fair/Poor
2025-11-11T17:11:52.905992+00:00,RU_092,3,Good
2025-11-11T17:11:54.519358+00:00,RU_092,4,Fair/Poor
2025-11-11T17:11:55.465696+00:00,RU_092,5,Fair/Poor
2025-11-11T17:11:56.180211+00:00,RU_093,1,Wrong direction
2025-11-11T17:11:57.310587+00:00,RU_093,2,Fair/Poor
2025-11-11T17:11:58.233959+00:00,RU_093,3,Fair/Poor
2025-11-11T17:11:59.089954+00:00,RU_093,4,Fair/Poor
2025-11-11T17:11:59.884124+00:00,RU_093,5,Fair/Poor
2025-11-11T17:12:00.893261+00:00,RU_094,1,Wrong direction
2025-11-11T17:12:01.711645+00:00,RU_094,2,Good
2025-11-11T17:12:02.635420+00:00,RU_094,3,Good
2025-11-11T17:12:03.147238+00:00,RU_094,4,Good
2025-11-11T17:12:03.961296+00:00,RU_094,5,Fair/Poor
2025-11-11T17:12:04.934446+00:00,RU_095,1,Wrong direction
2025-11-11T17:12:06.114626+00:00,RU_095,2,Fair/Poor
2025-11-11T17:12:06.625530+00:00,RU_095,3,Fair/Poor
2025-11-11T17:12:07.248885+00:00,RU_095,4,Fair/Poor
2025-11-11T17:12:08.166574+00:00,RU_095,5,Fair/Poor
2025-11-11T17:12:08.980659+00:00,RU_096,1,Wrong direction
2025-11-11T17:12:09.800219+00:00,RU_096,2,Fair/Poor
2025-11-11T17:12:11.351623+00:00,RU_096,3,Fair/Poor
2025-11-11T17:12:12.975281+00:00,RU_096,4,Fair/Poor
2025-11-11T17:12:13.691658+00:00,RU_096,5,Fair/Poor
2025-11-11T17:12:14.568181+00:00,RU_097,1,Wrong direction
2025-11-11T17:12:15.227905+00:00,RU_097,2,Fair/Poor
2025-11-11T17:12:16.032455+00:00,RU_097,3,Good
2025-11-11T17:12:16.865295+00:00,RU_097,4,Fair/Poor
2025-11-11T17:12:17.856676+00:00,RU_097,5,Fair/Poor
2025-11-11T17:12:18.458504+00:00,RU_098,1,Wrong direction
2025-11-11T17:12:19.440031+00:00,RU_098,2,Fair/Poor
2025-11-11T17:12:20.365852+00:00,RU_098,3,Fair/Poor
2025-11-11T17:12:22.027560+00:00,RU_098,4,Fair/Poor
2025-11-11T17:12:23.134374+00:00,RU_098,5,Fair/Poor
2025-11-11T17:12:23.986580+00:00,RU_099,1,Wrong direction
2025-11-11T17:12:24.890330+00:00,RU_099,2,Good
2025-11-11T17:12:25.692440+00:00,RU_099,3,Fair/Poor
2025-11-11T17:12:26.528747+00:00,RU_099,4,Good
2025-11-11T17:12:27.413969+00:00,RU_099,5,Fair/Poor
2025-11-11T17:12:28.232021+00:00,RU_100,1,Wrong direction
2025-11-11T17:12:29.149291+00:00,RU_100,2,Good
2025-11-11T17:12:30.208187+00:00,RU_100,3,Fair/Poor
2025-11-11T17:12:31.817601+00:00,RU_100,4,Fair/Poor
2025-11-11T17:12:32.944216+00:00,RU_100,5,Fair/Poor
